{"treeHeight":10.0,"treeGrowDir":{"x":0.0,"y":1.0,"z":0.0},"treeShape":1,"taper":0.1599999964237213,"branchTipRadius":0.0,"ringSpacing":0.4699999988079071,"stemRingResolution":4,"resampleNr":7,"noiseAmplitudeLower":0.0,"noiseAmplitudeUpper":0.0,"noiseAmplitudeLowerUpperExponent":1.6100000143051148,"noiseScale":0.03999999910593033,"splitCurvature":2.5999999046325685,"testRecursionStop":16,"shyBranchesIterations":0,"shyBranchesMaxDistance":0.0,"nrSplits":4,"variance":0.0,"curvOffsetStrength":0.10000000149011612,"splitHeightInLevel":[0.33000001311302187,0.44999998807907107,0.10999999940395355,0.20000000298023225,0.27000001072883608,0.5,0.5,0.5,0.5,0.5,0.5,0.5,0.5,0.5,0.5,0.5,0.5,0.5,0.5,0.5,0.5,0.5],"branchSplitHeightVariation":[0.6499999761581421,0.5,0.0,0.5,0.0,0.5,0.0,0.5,0.0,0.5,0.0,0.5,0.0,0.5,0.0,0.5,0.0,0.5,0.0,0.5,0.0,0.5,0.0,0.0,0.5,0.0,0.5,0.0,0.0,0.5,0.0,0.0,0.5,0.0,0.5,0.0],"splitHeightVariation":0.10000000149011612,"testSplitAngle":19.020000457763673,"testSplitPointAngle":20.18000030517578,"branchClusters":2,"nrBranches":[34,31],"branchSplitMode":[1,1],"relBranchLength":[0.4000000059604645,0.15000000596046449,1.0,1.0,1.0,1.0,1.0,1.0,1.0,1.0,1.0,1.0,1.0,1.0,1.0],"verticalRange":[0.4300000071525574,0.0,0.0,0.0,0.0,0.0,0.0,0.0,0.0,0.0,0.0,0.0,0.0,0.0,0.0],"verticalAngleCrownStart":[-12.100000381469727,0.5,0.5,0.5,0.5,0.5,0.5,0.5,0.5,0.5,0.5,0.5,0.5,0.5,0.5],"verticalAngleCrownEnd":[82.9800033569336,56.08000183105469,1.0,1.0,1.0,1.0,1.0,1.0,1.0,1.0,1.0,1.0,1.0,1.0,1.0],"rotateAngle":[235.5,155.5,0.0,0.0,0.0,0.0,0.0,0.0,0.0,0.0,0.0,0.0,0.0,0.0,0.0],"rotateAngleRange":[87.37000274658203,113.80000305175781,0.0,0.0,0.0,0.0,0.0,0.0,0.0,0.0,0.0,0.0,0.0,0.0,0.0],"branchesStartHeight":[0.35100001096725466,0.06400000303983689],"branchesEndHeight":[1.0,0.3059999942779541],"branchCurvature":[10.609999656677246,0.0,0.0,0.0,0.0,0.0,0.0,0.0,0.0,0.0,0.0,0.0,0.0,0.0,0.0],"nrSplitsPerBranch":[2.109999895095825,2.5999999046325685,0.0,0.0,0.0,0.0,0.0],"splitsPerBranchVariation":[2.25,0.0],"branchAngleMode":[1,1,1,1,1,1,1,1,1,1,1,1,1,1,1,1,1,1,1,1,1,1,1,1,1,1,1,1,1,1,1,1,1,1,1,1,1,1,1,1],"nrLeaves":0,"leafSize":0.0,"seed":1442789450}