{"treeHeight": 5.0, "treeGrowDir": [0.009999999776482582, 0.0599999874830246, 1.0], "taper": 0.10000000149011612, "taperCurvePoints": [[0.0, 1.0], [1.0, 0.0]], "taperCurveHandleTypes": ["VECTOR", "VECTOR"], "branchTipRadius": 0.0, "ringSpacing": 0.25, "stemRingResolution": 8, "resampleDistance": 1.0, "noiseAmplitudeLower": 0.0, "noiseAmplitudeUpper": 0.10000000149011612, "noiseAmplitudeLowerUpperExponent": 1.0, "noiseScale": 1.0, "curvatureStart": -0.6300003528594971, "curvatureEnd": 6.929997444152832, "maxCurveSteps": 1110, "nrSplits": 2, "variance": 0.0, "stemSplitMode": "ROTATE_ANGLE", "stemSplitRotateAngle": 90.0, "curvOffsetStrength": 1.5, "stemSplitHeightInLevelList": [0.5, 0.24566471576690674], "stemSplitHeightInLevelListIndex": 9, "splitHeightVariation": 0.0, "splitLengthVariation": 0.05999999865889549, "stemSplitAngle": 25.469999313354492, "stemSplitPointAngle": 24.23999786376953, "branchClusters": 2, "parentClusterBoolListList": [[true], [false, true]], "nrBranchesList": [21, 12], "branchVarianceList": [0.8581081032752991, 0.0], "branchShapeList": ["CYLINDRICAL", "TAPERED_CYLINDRICAL"], "relBranchLengthList": [0.20945945382118225, 0.3175676167011261], "relBranchLengthVariationList": [0.14189191162586212, 0.0], "taperFactorList": [0.8580041527748108, 0.6811850070953369], "ringResolutionList": [5, 5], "branchesStartHeightGlobalList": [0.1872589886188507, 0.0], "branchesEndHeightGlobalList": [0.8783783912658691, 1.0], "branchesStartHeightClusterList": [0.0, 0.20769231021404266], "branchesEndHeightClusterList": [1.0, 0.6692308187484741], "verticalAngleCrownStartList": [74.95999908447266, 84.30999755859375], "verticalAngleCrownEndList": [45.38999938964844, -38.72999954223633], "verticalAngleBranchStartList": [0.0, 0.0], "verticalAngleBranchEndList": [0.0, 0.0], "branchAngleModeList": ["WINDING", "WINDING"], "useFibonacciAnglesList": [false, false], "fibonacciNr": [143, 4], "rotateAngleRangeList": [360.29998779296875, 360.0], "rotateAngleOffsetList": [90.0, 90.66000366210938], "rotateAngleCrownStartList": [86.23999786376953, 72.95999908447266], "rotateAngleCrownEndList": [103.9699935913086, 75.9800033569336], "rotateAngleBranchStartList": [0.0, 0.0], "rotateAngleBranchEndList": [0.0, 0.0], "branchGlobalCurvatureStartList": [0.75, -22.979999542236328], "branchGlobalCurvatureEndList": [0.0, -26.25], "branchCurvatureStartList": [10.079999923706055, 0.0], "branchCurvatureEndList": [-39.29999923706055, 0.0], "branchCurvatureOffsetStrengthList": [0.0, 0.0], "nrSplitsPerBranchList": [1.4499999284744263, 0.0], "branchSplitModeList": ["HORIZONTAL", "ROTATE_ANGLE"], "branchSplitRotateAngleList": [0.0, 0.0], "branchSplitAxisVariationList": [0.0, 0.0], "branchSplitAngleList": [30.0, 0.0], "branchSplitPointAngleList": [30.0, 9.380000114440918], "splitsPerBranchVariationList": [0.0, 0.0], "branchSplitHeightVariationList": [0.1958041936159134, 0.0], "branchSplitLengthVariationList": [0.3356643319129944, 0.0], "hangingBranchesList": [false, false], "branchSplitHeightInLevelListIndex": 0, "branchSplitHeightInLevelList_0": [0.5], "branchSplitHeightInLevelListIndex_0": 0, "branchSplitHeightInLevelList_1": [0.4135802388191223], "branchSplitHeightInLevelListIndex_1": 6, "branchSplitHeightInLevelList_2": [], "branchSplitHeightInLevelListIndex_2": 0, "branchSplitHeightInLevelList_3": [], "branchSplitHeightInLevelListIndex_3": 0, "branchSplitHeightInLevelList_4": [], "branchSplitHeightInLevelListIndex_4": 0, "branchSplitHeightInLevelList_5": [], "branchSplitHeightInLevelListIndex_5": 0, "leavesDensityList": [8.699999809265137, 8.699999809265137, 6.809999942779541], "leafSizeList": [0.17000000178813934, 0.17000000178813934, 0.17000000178813934], "leafAspectRatioList": [0.5, 0.5, 0.5], "leafStartHeightGlobalList": [0.0, 0.6891891956329346, 0.8581081032752991, 0.0], "leafEndHeightGlobalList": [0.7162162065505981, 1.0, 1.0, 1.0], "leafStartHeightClusterList": [0.0, 0.0, 0.0, 0.0], "leafEndHeightClusterList": [1.0, 1.0, 1.0, 1.0], "leafTypeList": ["SINGLE", "SINGLE", "SINGLE"], "leafAngleModeList": ["ALTERNATING", "WINDING", "WINDING"], "leafVerticalAngleBranchStartList": [-25.920000076293945, -44.01000213623047, -45.05999755859375, 0.0, 0.0, 0.0, 0.0, 0.0, 0.0, 0.0], "leafVerticalAngleBranchEndList": [-25.530000686645508, -55.769996643066406, -56.119998931884766, 1.0, 1.0, 1.0, 1.0, 0.0, 0.0, 0.0], "leafRotateAngleBranchStartList": [45.0, 136.34999084472656, 135.32998657226562], "leafRotateAngleBranchEndList": [45.0, 156.4499969482422, 135.0], "leafTiltAngleBranchStartList": [0.0, 18.25, 18.989999771118164], "leafTiltAngleBranchEndList": [0.0, 24.54999542236328, 23.729999542236328], "leafParentClusterBoolListList": [[false, true, false], [false, true, false], [false, false, true]]}